用户编号,最大停电次数
26572846,3
26581523,3
26588169,3
26612555,3
26643756,3
26655293,3
26657087,3
26670611,3
26723886,3
26735865,4
26806644,3
26812738,3
26823466,3
26841629,3
26864099,3
26871611,3
26874365,4
26890889,3
26926103,3
26966336,3
26972122,3
26987556,3
27059882,3
27064079,3
27106797,4
27177831,3
27179254,3
27189875,4
27196061,3
27207454,3
27216266,5
27265101,3
27288091,3
27311948,3
27333729,4
27334439,3
27347873,3
27371445,3
27415442,3
27418414,3
27421499,3
27426227,3
27427631,3
27448314,3
27456897,3
27478926,3
27486342,3
27486397,3
27488040,3
27509302,3
27513090,5
27528407,4
27567066,3
27576842,3
27579889,3
27593285,3
27633483,3
27645352,3
27658456,3
27659126,3
27667143,3
27768308,3
27768748,3
27835929,3
27836381,3
27859016,3
27859631,3
27865120,3
27915615,3
27955903,3
27959233,3
27961461,3
27981679,3
28135707,3
28137347,3
28206052,3
28218852,3
28222158,3
28263518,3
28329637,3
28350042,3
28379296,3
28393757,3
28401422,3
28437884,3
28458679,3
28520266,3
28523286,3
28531038,3
28572441,3
28583301,3
28618388,3
28635593,3
28652504,5
28663720,3
28678679,3
28687836,4
28708807,3
28725209,3
28741938,3
28774157,5
28835513,3
28874873,3
28875107,4
28986136,3
29030337,3
29064080,3
29095026,3
29107674,3
29127940,3
29193903,3
29223274,3
29226967,3
29233192,3
29283334,3
29285280,4
29296033,3
29305981,3
29435238,3
29500063,3
29539088,4
29543472,3
29548242,3
29594352,3
29659437,3
29661920,3
29679149,3
29692242,3
29697748,3
29699016,3
29714008,3
29716053,3
29754801,3
29768672,3
29814960,3
29875419,3
29920707,3
29922925,3
29942696,3
29986606,4
30030494,3
30042546,3
30050658,3
30061817,3
30092004,3
30134318,3
30137234,4
30147340,3
30166124,3
30185530,3
30226976,3
30246864,4
30274303,3
30275283,3
30291575,3
30306191,3
30322839,3
30355962,3
30383279,3
30411590,3
30420948,3
30428100,3
30432202,4
30506339,3
30512232,3
30532770,3
30563909,3
30572544,3
30577208,3
30586733,3
30601129,3
30613014,3
30615147,3
30662761,4
30677079,3
30699267,3
30707618,3
30717869,3
30747422,3
30758085,3
30839036,4
30856362,3
30865135,3
30870378,3
30879337,4
30900078,3
30903457,3
30981984,3
31011833,4
31019178,3
31021550,3
31048220,3
31056984,3
31074096,3
31074363,3
31085281,4
31096808,3
31151077,3
31203131,3
31233401,3
31242412,3
31244339,3
31273733,3
31359058,3
31361506,3
31365071,4
31400676,4
31429530,3
31436831,3
31503770,3
31545986,3
31568665,3
31578280,3
31589170,3
31613944,3
31632567,3
31699834,4
31705513,3
31722634,3
31733642,3
31735376,3
31771654,3
31780124,4
31812973,3
31819637,3
31829176,3
31847744,3
31960611,4
31982607,3
31987726,3
32087000,3
32090492,3
32133291,3
32147658,3
32160078,3
32193447,3
32223071,3
32236979,3
32263931,3
32284746,3
32291137,3
32316266,3
32324687,3
32330662,3
32331735,3
32380143,3
32381946,3
32428623,3
32438703,3
32453068,4
32484957,3
32487173,3
32526638,3
32551994,3
32557408,3
32593811,3
32603695,3
32613441,4
32615030,3
32634983,3
32659882,3
32662059,3
32669749,3
32681044,3
32700899,3
32701456,3
32736225,3
32752021,3
32776516,3
32781467,3
32782264,3
32814602,3
32844147,4
32857164,3
32869137,3
32869521,3
32887707,3
32892282,3
32913295,3
32932470,3
32937875,3
32955980,3
32978996,3
32990839,3
32993856,3
32994232,3
33001834,3
33018965,3
33032848,4
33071533,3
33076525,3
33077258,3
33079992,3
33096140,3
33119389,3
33199327,3
33202855,3
33226871,4
33232364,4
33236333,3
33239083,4
33262581,3
33280190,3
33316009,3
33329786,3
33349554,3
33356286,3
33356870,3
33403433,4
33422127,3
33432752,3
33441264,3
33443966,3
33473754,3
33569107,3
33570988,3
33616002,4
33625474,3
33626838,3
33628816,3
33638196,3
33655417,3
33692792,3
33694789,3
33712349,3
33753860,3
33769131,4
33846276,3
33859860,3
33876356,3
33901402,3
33901898,3
33904689,3
33949085,3
33960640,3
33973093,3
33985013,3
34009143,3
34029924,4
34086728,3
34099748,3
34101532,3
34105272,3
34109239,3
34139689,3
34192272,3
34298207,3
34313401,3
34316208,3
34348133,3
34352579,3
34353372,5
34355697,3
34376420,3
34387508,3
34396033,3
34399610,3
34404765,3
34423067,4
34428015,4
34445377,3
34514526,3
34551009,3
34552861,3
34559523,3
34567153,3
34570964,3
34592578,3
34716434,3
34752380,3
34765776,3
34765953,3
34792951,3
34858184,3
34906812,3
34979203,3
35006251,4
35010989,3
35022524,5
35030657,3
35047023,3
35108901,3
35110638,3
35157127,3
35180375,3
35184310,3
35191573,3
35219733,3
35288625,3
35302003,3
35315064,3
35413787,3
35433488,3
35445991,3
35505317,3
35525130,3
35552076,3
35556494,3
35582356,3
35600713,3
35603371,3
35713426,4
35722751,3
35755216,3
35765201,3
35809674,3
35815938,4
35875327,3
35906972,3
35913612,4
35932203,3
35956118,3
35962062,3
35966345,3
35967150,3
35991918,3
35992563,3
35996891,3
35996973,3
36071932,3
36091820,4
36098018,3
36112086,4
36206255,3
36231611,3
36287972,3
36307807,3
36337564,3
36357270,3
36365015,3
36393203,3
36418704,4
36439753,3
36443435,3
36470697,3
36530181,3
36564464,3
36617512,3
36631919,3
36633605,4
36691146,3
36724637,3
36734797,3
36756885,3
36769882,3
36774090,4
36789736,3
36795318,3
36824018,3
36835844,3
36852563,3
36862518,4
36884745,3
36887431,3
36895155,3
36896552,3
36904629,4
36907028,3
36934168,3
36945758,4
36953038,3
36965502,3
37018627,4
37041135,3
37083834,3
37087135,3
37089440,3
37115952,3
37123240,3
37138722,3
37148029,3
37194324,3
37232237,4
37257761,3
37260353,3
37261691,3
37320165,3
37361080,3
37373257,4
37379706,3
37415313,3
37424265,3
37433914,3
37502360,3
37525321,3
37575215,3
37584659,3
37585460,3
37628787,3
37632826,3
37635056,4
37679488,3
37681028,3
37737833,3
37772545,3
37863295,3
37868954,3
37879039,3
37902223,3
37926198,3
37928699,3
37968218,3
37985973,3
37987914,4
38010819,3
38018098,3
38019089,3
38046295,4
38055175,3
38061596,3
38072030,3
38075453,3
38079969,3
38101977,3
38120704,3
38124047,3
38147399,3
38161798,3
38172065,3
38239222,3
38317835,3
38319406,3
38321953,3
38323454,3
38344645,3
38370627,3
38376452,3
38379507,3
38406149,3
38408423,3
38474295,6
38477736,3
38496840,3
38514910,4
38532470,3
38558853,4
38609728,3
38615311,3
38625184,3
38637267,3
38643167,3
38702348,3
38704405,3
38707428,3
38717432,3
38728411,3
38755624,3
38818546,3
38846678,3
38848636,3
38858169,3
38891394,3
38913876,3
38927142,3
38977514,3
39006640,3
39006664,3
39085770,3
39086455,4
39168506,3
39206775,3
39209025,3
39242289,3
39293695,4
39313980,3
39348380,4
39392779,3
39482482,3
39522815,3
39531446,3
39542647,3
39649739,3
39657533,4
39721767,4
39742953,3
39765557,3
39771941,4
39785770,3
39791115,3
39796963,3
39810583,4
39849279,3
39921462,3
39928537,4
39938372,3
39943046,3
39962751,3
40000763,3
40041735,3
40081529,3
40090906,3
40104675,4
40111548,3
40186624,3
40196328,3
40232885,3
40241800,3
40249095,3
40258599,3
40324653,4
40365407,4
40387168,3
40392630,3
40404500,3
40412823,4
40414660,3
40416420,3
40418857,3
40420830,5
40448726,3
40471208,3
40501522,3
40520065,3
40523178,3
40539392,3
40545081,3
40550804,3
40568990,3
40581814,3
40583942,3
40608491,4
40658177,3
40659935,3
40723856,3
40724091,3
40773835,3
40775799,3
40793555,3
40793897,3
40794071,3
40829868,3
40835604,3
40838956,3
40851583,3
40883297,3
40907290,3
40989606,3
41064352,3
41067914,3
41082867,3
41104382,3
41106393,3
41158979,3
41221558,3
41232202,3
41240737,3
41247641,3
41267844,3
41272650,3
41280765,4
41288319,3
41381314,3
41403927,3
41442295,3
41471822,3
41484095,4
41517629,3
41553387,3
41555233,3
41591886,3
41603170,3
41630155,3
41637945,3
41647205,3
41650715,3
41673642,3
41690342,3
41703731,3
41733937,3
41736781,3
41757563,3
41768464,3
41803291,3
41815530,3
41857959,3
41922887,3
41958153,3
41959659,3
42026111,3
42078445,3
42119258,3
42132028,4
42137228,3
42139622,3
42202105,3
42203224,3
42207141,3
42207695,3
42219918,4
42223420,3
42227515,4
42246742,3
42252456,3
42252977,3
42305776,3
42312014,3
42322710,3
42347036,4
42371440,3
42422360,3
42422726,3
42460881,3
42472208,3
42498293,3
42559165,3
42573659,3
42600438,3
42609277,3
42633671,3
42652018,3
42679599,3
42698627,3
42704522,3
42728169,3
42783905,3
42809006,3
42811948,3
42839278,3
42902749,3
42915186,3
42953246,3
42989548,3
43025216,3
43064024,4
43076233,3
43090982,3
43099712,3
43123474,3
43130005,3
43202654,3
43209945,3
43246878,3
43301774,3
43310746,3
43319684,3
43324656,3
43365058,3
43386447,3
43386616,3
43394764,4
43447193,4
43451442,3
43455092,3
43462287,3
43496564,3
43508268,3
43524923,4
43549569,3
43556048,3
43566924,3
43591156,3
43601919,3
43617957,4
43696024,4
43702373,4
43707421,3
43714488,3
43733467,3
43766494,3
43786879,4
43798496,3
43863150,3
43883543,3
43905792,3
43909725,3
43936248,3
43939469,4
43944511,4
43947017,3
43983120,4
43999478,3
44030231,3
44053905,3
44099828,3
44118963,3
44157446,3
44165902,3
44167352,3
44197256,3
44209839,3
44235288,3
44236859,4
44240197,3
44278720,3
44287653,3
44296441,4
44310977,3
44333917,3
44337256,3
44363141,3
44370823,3
44414211,3
44464282,3
44482222,3
44482396,4
44485974,3
44530848,3
44557700,3
44610682,3
44623060,3
44651490,3
44675864,3
44713199,3
44716897,3
44737422,3
44739946,3
44766799,3
44776188,3
44793709,3
44814230,3
44832920,3
44840940,3
44866343,3
44879080,4
44885836,3
44966257,3
45004430,3
45060273,3
45091287,3
45103532,3
45107801,3
45113191,3
45129976,3
45146146,3
45163820,3
45164934,3
45199048,3
45199329,3
45228681,3
45266548,4
45276941,3
45287089,3
45316373,3
45325236,3
45344700,3
45367822,3
45403924,3
45408686,3
45411739,3
45414347,3
45431058,3
45436098,3
45463001,3
45464642,3
45477901,3
45530415,3
45550103,3
45551459,3
45582418,3
45589847,3
45660513,3
45675180,3
45698289,3
45699793,3
45724579,3
45734895,3
45750564,4
45759785,3
45800415,4
45867260,4
45868306,3
45905252,3
45920016,3
45941736,3
45977249,3
45982283,3
46047562,3
46049227,3
46055249,3
46055592,3
46075878,3
46081298,3
46165632,3
46170096,3
46185432,3
46185840,3
46192530,4
46200633,3
46272041,3
46272138,3
46285189,3
46309602,4
46360818,4
46385306,3
46386820,3
46409561,3
46428012,3
46460430,3
46491240,3
46509432,3
46515735,4
46530454,3
46578197,3
46597679,3
46598133,4
46602326,3
46605732,3
46607102,3
46625752,4
46671523,3
46694032,3
46715588,3
46775368,3
46780414,3
46789726,3
46829535,3
46881559,4
46888539,3
46910582,3
46914095,3
46938265,3
46947957,3
46959492,3
46960911,4
46965568,3
46967952,4
46973241,3
46989752,3
47001581,3
47003769,3
47031368,3
47081948,3
47185559,3
47217591,3
47236232,3
47256211,3
47277119,4
47291228,3
47307820,3
47327900,3
47329052,3
47334159,3
47355466,3
47373970,3
47436350,3
47444438,3
47447939,3
47454514,3
47475584,3
47487745,3
47520315,3
47520764,3
47551884,3
47587496,3
47589437,3
47594684,3
47685147,3
47686248,3
47694967,3
47773351,3
47778251,3
47790724,3
47832519,3
47833185,3
47863335,4
47984150,3
47994435,3
48013737,3
48101804,3
48124727,3
48125355,3
48127588,3
48128316,3
48146895,4
48155651,3
48155915,3
48176917,3
48227338,3
48231673,3
48245890,3
48270826,3
48325815,3
48335655,3
48336130,3
48349036,3
48357421,3
48368025,3
48449045,3
48541166,4
48579702,3
48605666,3
48632014,3
48698914,3
48702200,3
48721138,3
48740280,3
48752149,3
48761229,3
48785869,3
48849501,3
48942569,3
49034954,3
49038628,3
49093394,4
49134847,3
49158732,4
49202754,3
49208156,3
49219299,3
49227814,3
49231359,3
49234868,3
49238377,3
49297756,3
49357406,3
49367843,3
49447563,3
49456770,3
49459994,3
49502563,3
49519062,3
49520244,3
49563918,3
49571101,3
49571463,3
49577360,4
49577974,3
49579552,3
49616831,3
49618164,3
49625232,3
49631150,3
49643522,3
49657111,3
49658941,3
49661471,4
49677856,3
49722233,3
49723514,3
49774080,3
49801045,3
49806193,3
49819339,3
49822205,3
49824876,3
49859505,3
49868218,3
49869160,3
49899753,3
49922067,3
49942983,3
49953218,3
49960756,3
50016340,3
50038642,4
50039726,3
50108045,3
50112163,3
50153757,3
50173162,3
50178601,3
50195878,3
50228010,3
50229849,3
50234773,3
50296427,3
50304789,3
50332475,3
50336341,3
50368563,3
50376610,3
50390679,3
50391807,3
50422393,3
50428437,3
50463178,3
50467443,3
50497504,3
50498919,3
50503673,3
50519845,3
50537457,3
50555602,3
50555790,3
50557052,3
50572331,3
50573454,5
50590465,3
50621572,3
50630946,4
50676835,3
50678787,4
50694253,3
50706094,3
50741382,3
50763591,3
50779672,3
50785877,3
50786185,3
50795044,5
50812846,4
50813597,3
50818001,4
50820165,3
50821779,3
50824982,3
50831801,3
50889504,3
50899769,4
50906147,3
50938469,3
50938655,3
50994406,3
51016370,3
51025019,3
51064583,3
51066411,4
51077055,3
51108782,3
51188330,3
51231143,3
51340967,3
51380403,3
51390582,3
51443880,3
51499283,3
51533086,3
51578433,3
51586191,3
51593674,3
51604073,3
51604177,3
51612343,3
51616154,3
51625231,3
51669420,3
51696078,3
51770879,3
51803273,3
51811224,3
51829494,3
51934492,3
51956281,3
51958607,3
51999813,3
52031122,3
52074236,3
52082892,4
52158229,4
52214160,3
52229253,3
52306929,3
52403261,3
52441537,4
52448545,3
52460381,3
52472205,3
52526249,3
52532662,3
52558163,3
52572517,4
52622695,3
52688099,3
52700607,3
52715813,3
52757165,3
52757538,3
52757594,3
52793333,3
52805777,3
52861768,3
52862812,3
52879986,3
52880759,3
52897525,4
52921631,4
52939618,3
52978348,3
52982407,3
53003643,4
53039744,3
53046494,3
53054337,3
53075742,3
53113896,3
53130042,3
53240967,3
53262307,3
53273950,3
53293914,3
53308187,4
53319255,3
53322113,3
53324600,3
53329386,3
53360508,3
53372451,3
53394622,3
53415446,3
53459929,3
53470230,3
53491271,3
53492690,3
53527212,3
53527426,3
53550917,3
53561671,3
53566660,3
53627076,3
53630529,3
53684640,3
53722167,3
53743164,3
53747670,3
53775856,3
53827478,3
53835635,3
53885342,3
53925395,4
53927328,4
53940062,3
53965687,3
54014480,3
54083714,4
54087944,3
54091066,4
54095501,3
54242891,3
54266883,3
54341387,3
54372107,3
54434211,3
54438733,3
54446884,3
54489844,3
54514310,4
54538857,3
54544291,3
54576941,3
54577892,3
54655417,3
54686199,3
54711547,4
54713662,3
54724139,4
54741845,4
54760297,3
54770079,3
54775554,3
54842761,3
54844950,4
54864249,3
54884845,3
54897836,4
54898702,3
54906149,3
54908250,3
54956707,3
54964012,3
54966952,4
54980461,3
54982373,3
54987435,3
54989330,3
54990354,3
54992808,3
54999370,3
55134202,3
55136884,3
55165902,3
55181777,3
55184820,3
55193420,3
55241069,3
55280059,3
55298818,3
55301990,3
55309679,3
55317915,3
55351397,3
55405917,3
55410042,3
55471365,3
55472946,3
55505416,3
55508533,4
55511571,3
55527005,3
55626851,3
55651632,3
55686472,3
55693659,3
55696028,3
55737073,3
55737217,3
55767308,3
55791857,3
55801105,3
55831391,3
55840146,3
55843764,3
55890393,4
55925567,3
55969873,3
55986784,3
56003741,4
56017099,3
56061786,3
56090546,3
56104304,3
56121443,3
56142452,3
56163796,3
56176247,3
56182489,3
56200426,4
56208900,4
56209916,3
56210621,3
56277247,3
56286202,3
56308643,3
56325840,3
56326503,3
56365042,3
56413633,3
56461812,3
56462033,3
56492208,3
56529111,3
56529265,3
56555378,3
56592041,3
56608918,4
56618247,4
56620419,3
56661253,3
56700856,3
56710009,4
56755913,4
56772093,3
56804969,4
56811074,3
56813954,3
56854645,3
56888618,4
56903322,3
56943384,3
56961599,3
56992842,4
57006221,3
57022870,3
57053067,3
57053132,3
57057358,3
57063309,3
57100058,3
57103219,4
57127538,3
57136648,3
57203466,3
57244118,3
57280243,4
57428461,3
57443768,3
57449622,3
57460370,3
57477737,3
57485484,3
57490068,3
57535709,3
57542323,3
57555021,3
57556370,3
57557592,3
57577377,3
57593106,3
57608730,4
57621662,3
57627250,3
57649304,4
57656210,3
57675691,3
57677453,3
57720209,3
57724676,3
57734088,3
57769110,3
57815384,3
57834506,3
57854267,3
57857109,3
57872878,3
57890846,3
57894252,3
57943293,3
57957796,3
57959211,3
57971200,4
57978913,3
58024508,3
58038884,3
58077655,3
58101809,3
58108033,3
58123582,3
58137957,3
58152228,4
58208632,3
58219057,3
58249022,3
58280367,3
58304613,3
58318465,3
58367263,3
58377131,3
58377883,3
58394148,3
58403936,3
58414848,3
58418854,3
58434085,3
58463406,4
58477713,4
58489792,3
58561814,4
58579462,3
58594577,3
58636149,3
58660433,4
58676531,3
58730179,3
58736434,3
58776305,3
58787159,3
58863450,3
58884450,3
58949229,4
58971083,4
58977231,3
58989041,3
59015491,3
59018973,3
59047260,3
59057239,3
59063909,3
59095224,3
59118539,3
59155473,3
59190858,3
59200560,3
59230029,4
59285701,3
59320233,3
59321350,3
59328257,3
59351357,3
59377372,4
59463571,3
59567045,3
59571451,3
59583680,3
59596434,3
59596969,4
59625661,3
59633419,3
59727101,3
59736977,3
59754914,3
59761164,3
59845323,4
59850876,3
59860965,3
59863519,5
59899062,4
59911213,3
59941892,3
59978062,3
59989678,3
59994245,3
60015533,3
60064698,3
60064797,3
60074524,3
60088243,3
60102303,3
60140325,3
60157929,4
60164153,3
60183522,3
60202703,3
60242334,3
60242643,3
60257537,3
60298123,3
60421006,3
60451714,3
60495818,3
60512525,3
60548378,3
60558200,3
60562244,3
60574651,4
60579388,3
60591822,3
60609228,3
60621293,3
60702798,3
60804577,3
60834910,3
60845514,3
60933648,3
60936684,3
60976568,3
61012824,3
61054721,4
61056497,3
61067063,3
61086365,3
61115515,3
61116472,3
61144589,3
61158195,3
61162537,3
61206186,4
61218486,3
61237937,3
61250512,3
61261929,3
61297603,3
61319682,3
61338131,3
61376099,3
61402076,3
61416717,4
61432776,3
61457351,3
61499748,3
61509224,4
61557273,3
61581452,3
61604325,4
61624063,3
61629780,4
61638611,3
61659587,3
61664647,3
61671587,3
61725283,5
61807831,3
61836122,3
61840992,3
61913388,3
61947544,4
61950301,3
61982609,3
61987455,4
61993957,3
62003352,3
62027596,3
62048797,3
62067956,3
62087904,3
62094187,4
62102811,3
62110349,3
62119999,3
62169462,3
62176376,3
62177100,3
62195770,3
62196561,3
62257882,3
62258923,3
62269187,4
62302652,3
62307016,3
62329655,3
62360332,3
62375624,3
62408267,3
62433074,4
62465742,3
62524919,3
62525197,3
62527443,3
62539065,3
62553194,3
62563145,3
62574499,3
62588234,3
62628471,4
62652643,3
62684138,4
62726677,4
62755105,3
62768987,3
62785637,3
62812410,3
62832995,3
62853004,3
62859026,4
62869960,3
62880763,3
62936936,3
62974605,3
62982023,3
63002484,3
63010941,3
63012150,3
63030513,4
63030851,3
63048612,3
63049573,3
63053021,3
63069383,3
63087036,3
63112304,4
63150175,3
63163330,3
63172705,3
63174735,3
63187083,3
63191573,3
63191904,3
63241541,3
63242958,3
63275497,3
63279354,3
63284831,3
63316337,3
63328739,3
63334728,4
63353362,3
63355178,3
63367864,3
63370672,3
63414052,3
63510159,3
63525978,3
63533354,4
63585441,3
63593916,4
63598083,3
63623342,4
63646455,3
63652478,3
63700218,3
63702599,3
63713942,4
63795298,3
63806053,3
63846118,3
63861389,3
63900471,3
63903797,3
63920287,3
63943026,4
63969060,4
64023599,3
64034793,3
64081118,3
64183717,4
64192067,4
64193287,3
64201234,3
64217305,3
64233220,4
64250954,3
64267712,3
64284528,3
64294821,3
64341937,3
64430857,3
64437400,3
64492140,3
64500579,3
64508074,3
64522570,4
64525993,3
64529336,3
64530798,3
64530980,5
64542562,3
64555735,3
64635574,3
64646341,3
64666739,4
64680846,3
64703516,4
64729009,3
64729509,3
64739640,3
64762663,3
64788711,3
64792708,3
64800402,3
64861179,4
64861376,3
64868960,3
64874783,3
64879358,4
64885121,3
64897975,3
64901860,4
65019632,4
65036654,3
65055775,3
65151864,3
65182787,4
65190403,3
65198368,3
65245203,3
65260761,3
65314770,3
65352009,3
65365181,3
65378068,3
65399698,3
65402334,4
65427470,3
65431023,3
65487880,3
65492175,4
65501498,4
65502257,4
65522389,3
65568930,3
65603608,3
65631685,3
65639881,3
65653598,3
65659318,3
65692250,4
65732212,3
65735400,3
65739621,3
65750291,3
65796093,3
65822741,4
65830851,3
65833058,3
65861948,3
65919540,3
65934479,3
65939969,3
65992031,3
66032657,3
66037470,3
66093948,3
66102415,4
66160903,3
66184199,3
66185587,3
66223295,4
66238925,3
66245001,3
66252493,3
66262219,4
66269506,3
66288474,3
66300428,3
66322802,3
66343268,3
66511957,3
66518717,3
66550870,4
66553661,3
66558655,4
66606617,3
66618136,3
66618291,3
66677273,3
66678191,3
66689346,4
66693968,4
66700368,3
66714592,3
66720140,3
66726932,3
66779996,3
66835508,3
66844472,5
66860642,3
66868366,5
66874238,4
66914058,3
66937350,3
66961662,3
66969752,3
66976839,3
67004485,3
67008882,3
67052064,3
67059974,3
67065799,3
67088272,3
67089190,3
67096682,4
67103808,3
67111682,3
67124786,3
67140466,4
67191648,3
67224285,3
67269693,3
67276951,3
67283151,3
67283871,3
67297612,3
67340883,3
67343550,3
67417407,4
67421020,3
67472226,3
67532078,3
67538992,3
67539944,3
67553628,3
67555433,3
67556382,3
67568040,3
67575631,3
67576856,3
67607679,3
67633219,3
67644218,4
67668057,3
67712664,3
67868718,4
67885147,3
67885251,3
67890297,3
67931480,3
67954877,3
67966226,3
67994633,4
67998652,3
68023108,3
68036644,3
68089635,3
68108492,3
68116461,5
68122588,3
68133103,3
68164153,3
68173724,3
68178650,3
68189025,3
68215816,4
68231015,4
68262427,3
68278744,3
68295971,3
68311001,3
68339571,3
68360624,3
68389850,3
68390323,3
68402326,3
68419160,3
68422729,4
68424899,3
68452865,3
68476015,3
68479579,3
68490895,4
68491658,3
68582517,3
68618662,3
68642458,3
68675073,3
68713233,3
68724818,3
68747539,4
68752818,3
68801287,3
68808593,3
68818415,3
68830138,3
68834856,3
68884323,3
68914567,3
68925390,4
68930749,3
68936795,3
68946011,3
68999320,3
69018181,3
69062308,4
69071664,3
69077898,3
69086426,3
69088281,3
69145944,4
69165746,3
69189454,3
69233825,3
69292244,3
69311134,4
69341515,4
69373868,3
69396165,3
69406014,3
69411369,4
69439936,4
69457143,3
69460426,3
69486128,3
69515198,3
69523067,3
69536316,3
69569307,3
69571650,3
69582312,3
69592646,3
69605290,3
69669340,3
69714526,3
69719556,4
69752199,3
69752647,3
69800580,3
69815852,3
69854229,3
69856955,4
69883646,3
69894927,3
69902874,3
69930343,3
69948219,3
69952375,4
69985946,4
69994076,3
70004241,3
70011881,3
70015660,3
70064176,3
70078069,3
70093525,3
70107702,3
70115084,3
70133674,3
70139336,3
70162758,3
70172738,3
70187784,3
70200311,3
70228161,3
70285925,3
70287761,3
70289001,3
70305629,4
70313515,3
70332928,3
70337685,3
70362895,3
70370734,3
70388288,3
70401535,3
70405751,3
70446995,3
70463513,4
70479169,3
70486547,3
70503999,3
70522696,3
70530072,3
70552260,3
70576135,3
70582233,4
70604202,3
70660390,3
70681680,3
70683418,3
70689746,3
70690915,3
70691127,3
70720791,3
70722270,4
70765407,3
70778718,3
70837762,3
70843254,3
70868874,3
70878288,3
70880294,3
70926475,3
70932907,3
70933347,3
70969336,3
71020118,3
71060797,3
71146991,3
71190092,3
71210291,3
71247552,3
71300878,3
71302552,3
71307390,3
71308771,3
71347566,4
71355821,4
71400692,4
71412983,3
71442271,3
71444854,3
71462327,3
71468262,4
71497532,3
71512428,3
71581711,3
71584495,3
71586525,3
71594069,3
71606556,3
71613555,3
71644514,3
71707225,4
71748901,3
71759138,4
71759331,3
71783768,3
71806993,3
71813496,3
71841911,3
71862840,3
71877211,3
71915021,3
71929194,3
71929396,3
71940618,3
71950727,4
71956950,3
71977324,3
72029066,3
72044211,3
72044303,3
72044354,3
72046071,3
72074008,3
72116440,3
72125810,3
72142463,3
72142475,3
72156404,3
72181716,3
72190830,4
72208966,3
72250423,3
72278224,3
72282885,3
72298881,3
72325322,3
72333838,3
72356602,3
72438896,3
72452383,3
72455345,4
72473231,3
72476897,3
72492627,3
72521858,4
72523088,3
72548167,3
72593455,3
72633885,3
72707101,3
72721753,3
72725856,4
72731352,3
72750709,3
72794320,3
72801420,3
72835308,3
72846056,3
72866313,3
72872837,3
72874195,3
72886032,3
72890406,4
72904337,3
72914565,3
72915553,4
72933317,4
72966747,3
72973407,3
72977775,3
72995666,3
73007958,3
73053679,3
73054915,3
73116319,3
73122559,4
73125219,3
73129086,3
73137331,3
73147617,3
73160839,3
73177510,3
73203040,3
73269053,3
73291610,3
73300595,3
73344999,3
73386134,3
73451718,3
73473881,3
73542112,3
73550906,3
73556030,3
73572446,3
73605209,3
73638161,3
73648317,3
73650822,3
73659027,3
73701976,5
73720979,3
73777064,3
73819415,3
73887138,3
73890664,3
73944515,3
73950030,3
73959347,3
74034996,3
74054776,3
74095312,3
74124959,3
74128559,3
74138665,3
74146264,3
74149834,3
74167918,3
74203177,3
74219544,3
74237279,3
74254699,4
74273786,3
74374550,3
74461750,3
74485096,3
74498318,3
74524832,3
74590586,3
74653467,4
74693252,3
74704988,3
74718024,3
74747298,3
74754250,3
74777050,3
74877208,3
74880615,3
74886597,3
74925487,3
74929114,4
74943722,3
74961187,3
74982390,4
75000454,3
75007775,3
75031381,3
75032451,3
75089874,3
75109602,3
75111210,4
75129986,3
75169598,3
75190375,3
75192770,3
75217306,3
75242392,3
75247986,3
75266701,3
75282345,3
75294797,3
75297215,3
75297318,3
75343133,3
75388122,4
75396135,3
75417342,3
75423853,3
75433974,3
75475331,3
75493003,3
75512410,3
75524692,3
75556045,3
75558937,3
75561379,3
75589662,3
75673150,3
75682184,3
75705293,3
75718435,3
75750716,3
75773591,3
75825731,3
75854783,3
75869040,3
75934485,3
75972437,3
75981147,3
76002045,3
76042555,3
76056699,4
76062501,3
76078343,3
76079543,3
76106905,3
76125141,3
76162953,3
76172638,3
76206072,3
76214939,3
76218898,3
76234516,3
76252232,3
76255744,3
76274288,4
76313477,3
76333563,3
76370582,3
76377827,3
76391569,3
76429497,3
76430354,3
76442994,3
76445371,3
76463755,3
76478929,3
76488186,3
76493091,3
76550591,3
76579740,3
76669158,3
76688451,3
76701590,3
76731521,3
76783146,3
76811130,3
76861924,4
76873547,4
76893169,3
76901384,3
76908487,3
76919139,3
76925305,3
76938545,3
76963681,3
76993187,3
76994830,4
76996100,4
77005216,3
77016185,3
77039898,3
77048978,3
77051960,3
77056144,3
77063657,3
77080493,3
77088408,3
77129964,3
77133956,4
77180484,3
77181329,3
77195894,4
77239374,3
77247828,3
77257183,3
77295426,4
77307969,3
77329288,3
77339810,3
77348431,4
77373871,3
77406386,3
77445690,3
77468228,3
77479331,4
77501760,3
77545456,3
77561340,3
77642045,3
77647966,3
77668731,3
77676125,3
77683849,3
77685422,3
77693544,3
77708722,4
77749921,3
77751330,3
77831397,3
77848272,3
77873628,3
77894705,3
77900700,4
77910131,3
77911085,3
77911324,3
77941377,3
77967045,3
78027139,3
78028791,3
78074519,3
78129937,3
78191613,3
78206532,3
78210869,3
78238097,3
78253149,3
78274665,4
78300508,3
78327152,3
78349644,4
78350647,3
78356524,3
78359795,3
78381853,3
78457570,3
78461354,3
78484602,3
78504459,3
78510789,3
78515912,3
78517220,3
78581424,3
78583283,4
78603297,3
78609091,3
78616586,3
78650048,3
78659543,3
78675285,3
78683518,3
78687236,3
78699485,3
78757389,3
78768375,3
78783004,3
78795360,3
78796484,3
78802610,3
78812505,3
78825521,3
78873277,3
78896500,4
78957042,3
78961246,3
78978685,4
79009318,3
79010801,3
79013576,3
79024901,3
79030571,3
79034848,3
79053550,3
79128803,3
79133721,3
79146568,3
79155038,3
79172602,3
79184079,3
79188327,3
79211884,3
79269476,3
79281650,3
79283368,3
79284903,4
79335256,3
79363758,3
79380055,3
79443206,4
79512100,3
79513976,3
79517385,3
79523523,3
79552418,3
79559648,3
79576648,3
79589496,3
79602218,3
79618888,3
79639820,3
79657425,3
79665064,3
79679318,3
79696189,3
79697683,3
79712105,3
79731764,3
79762815,3
79766401,3
79773992,3
79787071,3
79788335,3
79799988,3
79810623,3
79857968,3
79884500,3
79885317,3
79887225,3
79894636,3
80001887,3
80004674,3
80006376,3
80015966,3
80020862,3
80044194,3
80058992,3
80071673,4
80071712,3
80114339,3
80118584,3
80129756,3
80133790,3
80142214,3
80148059,3
80154813,3
80181751,3
80194934,3
80244198,3
80249916,3
80254795,3
80260993,3
80280500,3
80303140,3
80334845,3
80337529,3
80344353,3
80346155,3
80360019,3
80366962,3
80377223,3
80396458,3
80401687,3
80431603,3
80445707,3
80447494,3
80473776,5
80486339,4
80488832,3
80491844,3
80524754,3
80562530,4
80568967,3
80582149,3
80624337,3
80627784,3
80629206,3
80631357,3
80636122,4
80652042,3
80690199,3
80694832,4
80727738,3
80742989,3
80748480,3
80753959,3
80761692,3
80767724,3
80802331,3
80807776,3
80815568,3
80823574,3
80860372,3
80899429,3
80902111,3
80929450,3
80930352,3
80982488,4
80986485,4
81009228,3
81023066,3
81023220,3
81053314,4
81110138,3
81113708,5
81224753,3
81252941,4
81341793,3
81378899,3
81405244,3
81411901,3
81459727,4
81522960,3
81525112,3
81528949,3
81530297,3
81535237,3
81618731,3
81630918,3
81644872,3
81666767,3
81688204,3
81690483,4
81707439,5
81711904,3
81719132,3
81734882,3
81738221,3
81773734,3
81787911,3
81799464,3
81813657,3
81843280,3
81854663,3
81891439,3
81917938,3
81922577,3
81944279,3
81945732,3
81951152,3
81966299,3
81977483,3
82015023,3
82035424,3
82037255,3
82047608,3
82080150,3
82105410,3
82108113,3
82140145,3
82163495,3
82186818,3
82201187,3
82214827,3
82250240,3
82253199,3
82256270,3
82299552,3
82338011,3
82345360,3
82359019,4
82364499,3
82379727,3
82379847,3
82399959,3
82444307,3
82450582,3
82451614,3
82469148,3
82505957,3
82566385,3
82599216,3
82618925,3
82627573,3
82649800,4
82695939,3
82717703,3
82726127,3
82740542,3
82763789,4
82767631,3
82776832,3
82810998,3
82812184,3
82852657,3
82884416,3
82907635,3
82943764,4
82981782,3
82993928,3
83003887,4
83004828,3
83028204,3
83033721,3
83053645,3
83057307,3
83088548,4
83123295,3
83127169,3
83128293,3
83141661,3
83149047,3
83157894,3
83191089,3
83204004,3
83210533,4
83246800,3
83254537,3
83278142,3
83281539,3
83296709,3
83306617,3
83306718,3
83334480,3
83352202,3
83382090,3
83388691,3
83501580,3
83508341,3
83517455,3
83524125,3
83544751,3
83598313,4
83655166,3
83668690,3
83767838,3
83780168,3
83790663,3
83798323,3
83802573,3
83849104,3
83859660,3
83896674,3
83956177,5
83965459,3
83979653,3
83991335,3
84012574,3
84030521,3
84043165,3
84050310,4
84064889,3
84076611,3
84084264,3
84110164,3
84125134,3
84137611,3
84156796,3
84165984,3
84174691,3
84178543,3
84180361,5
84201980,3
84293944,3
84297548,3
84317930,3
84420193,3
84427472,3
84442520,3
84456030,4
84488543,3
84492830,4
84496160,4
84519629,3
84568119,3
84613774,3
84631200,3
84631635,3
84659796,3
84717530,3
84720102,3
84732520,3
84744157,3
84772725,3
84864125,4
84925216,3
84942028,3
84974629,3
84983026,3
84999723,3
85002699,3
85015615,3
85016232,3
85046939,3
85079287,3
85097473,3
85097618,3
85126329,3
85151651,3
85177269,4
85196620,3
85216937,3
85242119,3
85259224,3
85303285,3
85335838,3
85336608,3
85359624,3
85377296,3
85389115,3
85392576,4
85404632,3
85406221,3
85423410,3
85463036,4
85498834,3
85518842,3
85520735,3
85528765,3
85541458,3
85569792,3
85591907,4
85609182,4
85630246,4
85637171,3
85640724,3
85658542,4
85753006,3
85784782,3
85803166,3
85805392,3
85869771,4
85896699,3
85910766,3
85915293,3
85940978,3
85973638,3
85976269,4
85988193,4
86016884,3
86025123,3
86030757,4
86047862,4
86072736,3
86077794,3
86081748,3
86092116,3
86125659,3
86145674,3
86155950,3
86156690,4
86260967,3
86280121,3
86334396,3
86347820,3
86364079,3
86376026,3
86478977,3
86502981,3
86511103,3
86527895,3
86583870,4
86591953,3
86603668,3
86609613,3
86628776,3
86636878,3
86638363,3
86666240,3
86699476,3
86756849,3
86757964,4
86780994,3
86796771,3
86823605,3
86848701,3
86869888,3
86899707,3
86902509,3
86962770,3
86975080,3
87020885,3
87047234,3
87053252,4
87069625,3
87071496,3
87097323,3
87109200,3
87114362,3
87128756,3
87131296,3
87147375,3
87153353,4
87213352,3
87269360,3
87289843,3
87289980,3
87305343,3
87324840,3
87341729,3
87373740,3
87390931,3
87417139,3
87417716,3
87444119,3
87449683,3
87450609,3
87456040,3
87502295,3
87532260,4
87542439,3
87564352,3
87589928,3
87619439,3
87619667,4
87643504,4
87653431,3
87670342,3
87748549,3
87754474,3
87808023,3
87812134,3
87816099,3
87819916,3
87830964,3
87837312,3
87845137,3
87861432,3
87876351,3
87894642,3
87949890,4
87982159,3
88008409,3
88012814,3
88032025,4
88059053,3
88060473,4
88103996,3
88112909,3
88113858,3
88149578,3
88208586,3
88229720,3
88245131,3
88266492,3
88304701,3
88398777,3
88407023,3
88413220,3
88429574,3
88431305,3
88441826,3
88469770,3
88473772,3
88477467,3
88493978,3
88552457,3
88591564,3
88592981,3
88627253,3
88666961,3
88670743,4
88703336,3
88708849,3
88717653,3
88723047,3
88743665,3
88763723,3
88814632,3
88826992,3
88834513,3
88852598,3
88878649,3
88887522,3
88898503,4
88903637,3
88915449,3
88916301,3
88948372,4
88957784,3
88974345,3
88982500,4
88998252,3
89017808,3
89024973,3
89033401,4
89035449,4
89063664,3
89063806,4
89089253,3
89095952,3
89108452,3
89122788,3
89128076,3
89135398,3
89153458,3
89191816,3
89205099,3
89227875,3
89269270,3
89282076,3
89292172,3
89386342,3
89387889,3
89408377,3
89415412,3
89425907,3
89463441,3
89474261,3
89513936,3
89537468,3
89549864,3
89556862,3
89560219,3
89563029,4
89580007,4
89604323,3
89635643,3
89651422,4
89724609,3
89786546,3
89793111,3
89796488,3
89807752,3
89826373,3
89834727,3
89845828,3
89848895,3
89926546,3
89934010,4
89948464,3
89954384,3
89957226,4
89997431,3
90016438,3
90096230,3
90099523,3
90125709,4
90128986,4
90239128,3
90243023,3
90269204,3
90274738,3
90366369,3
90387075,3
90387903,3
90391577,3
90411129,3
90424389,3
90432416,3
90463042,3
90514379,4
90517566,3
90549080,3
90631700,3
90645834,3
90677662,3
90679768,3
90739612,4
90745534,3
90747080,3
90756426,3
90771145,3
90778249,3
90801173,5
90862017,3
90927579,3
90933996,4
90935474,3
90968660,3
90980006,3
90995844,3
90999671,4
91008024,3
91021083,4
91027818,3
91031660,3
91059209,3
91092483,3
91096364,3
91150619,3
91192437,3
91196882,3
91233784,3
91235537,3
91251457,3
91272174,3
91273145,3
91306613,3
91338445,4
91375611,3
91406332,3
91456249,3
91464728,3
91475214,3
91488683,3
91501333,3
91514250,3
91525257,4
91537731,3
91553890,3
91566915,3
91590738,3
91608550,3
91653251,4
91677570,3
91679890,3
91680975,3
91687686,3
91689332,4
91724299,3
91729241,3
91736183,3
91755996,3
91760087,3
91787582,3
91794487,3
91820947,3
91837228,3
91846708,3
91880484,3
91925107,3
91948990,3
91999000,4
92059863,3
92072226,3
92085042,3
92131907,3
92189253,3
92220941,3
92261463,3
92306677,3
92316520,3
92348562,3
92369386,3
92373042,3
92373514,3
92409248,3
92422936,3
92424075,3
92425547,3
92457427,3
92505113,3
92514563,3
92523115,3
92538667,3
92551225,3
92553891,4
92584371,3
92618844,3
92631295,3
92636344,3
92653480,3
92671495,4
92732296,3
92739810,4
92741590,3
92748221,3
92805060,3
92810839,3
92836265,4
92842239,3
92875334,3
92885581,3
92901412,3
92921656,3
92935046,3
92935489,3
92984702,3
92996016,3
93031690,3
93075701,3
93085680,3
93086833,3
93128820,3
93203816,3
93204289,3
93248278,3
93256611,3
93258736,3
93283399,3
93313512,3
93332330,3
93349526,3
93367982,3
93396996,3
93408038,3
93420565,3
93426776,3
93427173,3
93438108,4
93480341,3
93483742,3
93496854,3
93514765,3
93536660,3
93604568,3
93609846,3
93634730,3
93667973,3
93697401,4
93749623,3
93785303,3
93791022,3
93833312,4
93875678,3
93876281,3
93877356,3
93883981,3
93886206,3
93917953,3
93950561,3
93951687,3
93991437,3
94023118,3
94031098,3
94036315,3
94064687,3
94067896,3
94077298,3
94103463,3
94135959,3
94166853,3
94204646,3
94225951,3
94238823,3
94244317,3
94248215,5
94311897,3
94312317,3
94314729,4
94325746,3
94378296,3
94378342,4
94398044,3
94414263,3
94427348,3
94440045,3
94442175,3
94451745,3
94506758,3
94554987,3
94564143,3
94591493,3
94591701,3
94600257,4
94617272,4
94618202,3
94630152,3
94670260,4
94677212,3
94681743,4
94697670,3
94710098,3
94715602,3
94716969,3
94745459,3
94773397,3
94790135,3
94801157,3
94823014,4
94882746,3
94922623,4
94939049,3
94949293,3
94953729,3
94961416,3
94966201,3
94981115,3
94989466,4
95016624,3
95136119,3
95158609,3
95178810,3
95197915,3
95231988,3
95240763,5
95246709,3
95250581,3
95270753,3
95311629,3
95317135,3
95320989,4
95364805,4
95387940,3
95417066,3
95432112,3
95495997,3
95503075,3
95503438,3
95547887,3
95564538,3
95598653,3
95638160,3
95669094,3
95674893,3
95701254,4
95736161,3
95739342,3
95751006,3
95756715,3
95767133,3
95817364,3
95820818,3
95823843,4
95849743,3
95850477,3
95860222,3
95865790,3
95866606,3
95873845,3
95892632,3
95938374,4
95958158,3
96054746,3
96085908,3
96097367,3
96169718,4
96173572,3
96185186,3
96224866,3
96258594,3
96320900,3
96390803,3
96394300,3
96394779,3
96406673,4
96423236,3
96463539,3
96477921,3
96507834,3
96518241,3
96525661,3
96530494,3
96569961,3
96580360,3
96585557,3
96657229,3
96662891,3
96669091,3
96673198,3
96687629,3
96775138,3
96790461,3
96843179,3
96845754,3
96892381,4
96942545,3
96973707,3
96986261,4
97002767,3
97010896,3
97037302,3
97069305,3
97086360,3
97136084,3
97145559,3
97147870,3
97159207,3
97164536,3
97173439,3
97189764,3
97209591,3
97244640,3
97258432,3
97335414,3
97336648,3
97337379,3
97358256,3
97383491,3
97427174,3
97434440,3
97435641,3
97443044,3
97451096,3
97460844,3
97469688,3
97497629,3
97501021,3
97507350,3
97517167,4
97523264,3
97543438,3
97572878,3
97599027,3
97611374,3
97641625,3
97703557,4
97715508,4
97734186,4
97781528,3
97787714,3
97806529,3
97845549,3
97898354,3
97946495,3
97948017,3
97953659,3
97957178,3
97998688,4
98010418,3
98067704,3
98097900,3
98103941,3
98121685,3
98176039,3
98187448,3
98284345,3
98300342,3
98369342,3
98375214,3
98420045,4
98457837,3
98465041,4
98520975,3
98543161,3
98544394,3
98547439,3
98563478,4
98589896,3
98592469,3
98613644,4
98659841,3
98746879,4
98747462,3
98918278,4
98932850,3
98934425,3
98961970,4
99031911,3
99050764,3
99078572,3
99099093,3
99116911,3
99139318,3
99179517,3
99192555,3
99235722,3
99274024,3
99301858,3
99328299,3
99339692,3
99349406,3
99358657,3
99404353,3
99444905,3
99500520,3
99502136,3
99511990,3
99514557,3
99523410,4
99537255,4
99540948,3
99547384,3
99549699,3
99552202,3
99558435,3
99561451,4
99584064,3
99598076,3
99665434,3
99673346,3
99689377,3
99702120,3
99710332,3
99725169,4
99789904,3
99790971,3
99791337,4
99822749,3
99830166,3
99835314,3
99845560,3
99897269,3
99912491,3
99963254,3
